"section__title","section__title href"
"SESSION: 3D Design and Fabrication","https://dl.acm.org/doi/proceedings/10.1145/3706598?tocHeading=heading1"
"SESSION: AI Ethics and Concerns","https://dl.acm.org/doi/proceedings/10.1145/3706598?tocHeading=heading2"
"SESSION: AI in the Classroom","https://dl.acm.org/doi/proceedings/10.1145/3706598?tocHeading=heading3"
"SESSION: AI-Assisted Creativity","https://dl.acm.org/doi/proceedings/10.1145/3706598?tocHeading=heading4"
"SESSION: AR Interaction","https://dl.acm.org/doi/proceedings/10.1145/3706598?tocHeading=heading5"
"SESSION: AR VR and Social VR","https://dl.acm.org/doi/proceedings/10.1145/3706598?tocHeading=heading6"
"SESSION: Accessibility 2","https://dl.acm.org/doi/proceedings/10.1145/3706598?tocHeading=heading7"
"SESSION: Advances in Programming and Software Development","https://dl.acm.org/doi/proceedings/10.1145/3706598?tocHeading=heading8"
"SESSION: Agent Design","https://dl.acm.org/doi/proceedings/10.1145/3706598?tocHeading=heading9"
"SESSION: Assistive Technologies","https://dl.acm.org/doi/proceedings/10.1145/3706598?tocHeading=heading10"
"SESSION: Auditory UI","https://dl.acm.org/doi/proceedings/10.1145/3706598?tocHeading=heading11"
"SESSION: Automated Vehicles and XR","https://dl.acm.org/doi/proceedings/10.1145/3706598?tocHeading=heading12"
"SESSION: Autonomus Vehicle","https://dl.acm.org/doi/proceedings/10.1145/3706598?tocHeading=heading13"
"SESSION: Being Inclusive","https://dl.acm.org/doi/proceedings/10.1145/3706598?tocHeading=heading14"
"SESSION: Better Work and Career","https://dl.acm.org/doi/proceedings/10.1145/3706598?tocHeading=heading15"
"SESSION: Bias and Identity","https://dl.acm.org/doi/proceedings/10.1145/3706598?tocHeading=heading16"
"SESSION: Biosensing for Interactions","https://dl.acm.org/doi/proceedings/10.1145/3706598?tocHeading=heading17"
"SESSION: Body and Technology","https://dl.acm.org/doi/proceedings/10.1145/3706598?tocHeading=heading18"
"SESSION: CS Education and Security","https://dl.acm.org/doi/proceedings/10.1145/3706598?tocHeading=heading19"
"SESSION: Children and Youth","https://dl.acm.org/doi/proceedings/10.1145/3706598?tocHeading=heading20"
"SESSION: Classroom Technology","https://dl.acm.org/doi/proceedings/10.1145/3706598?tocHeading=heading21"
"SESSION: Co-ideation","https://dl.acm.org/doi/proceedings/10.1145/3706598?tocHeading=heading22"
"SESSION: Coding and Development","https://dl.acm.org/doi/proceedings/10.1145/3706598?tocHeading=heading23"
"SESSION: Communication and Social Interaction","https://dl.acm.org/doi/proceedings/10.1145/3706598?tocHeading=heading24"
"SESSION: Communication and Socialization","https://dl.acm.org/doi/proceedings/10.1145/3706598?tocHeading=heading25"
"SESSION: Content Moderation","https://dl.acm.org/doi/proceedings/10.1145/3706598?tocHeading=heading26"
"SESSION: Conversations with AI","https://dl.acm.org/doi/proceedings/10.1145/3706598?tocHeading=heading27"
"SESSION: Creative Tools","https://dl.acm.org/doi/proceedings/10.1145/3706598?tocHeading=heading28"
"SESSION: Creativity Support","https://dl.acm.org/doi/proceedings/10.1145/3706598?tocHeading=heading29"
"SESSION: Critics on AI","https://dl.acm.org/doi/proceedings/10.1145/3706598?tocHeading=heading30"
"SESSION: Crowdsourcing and Tech in the Wild","https://dl.acm.org/doi/proceedings/10.1145/3706598?tocHeading=heading31"
"SESSION: Cultures and Languages","https://dl.acm.org/doi/proceedings/10.1145/3706598?tocHeading=heading32"
"SESSION: Dark Patterns and Content Moderation","https://dl.acm.org/doi/proceedings/10.1145/3706598?tocHeading=heading33"
"SESSION: Data Interpretation and Storytelling","https://dl.acm.org/doi/proceedings/10.1145/3706598?tocHeading=heading34"
"SESSION: Data Privacy and Ethics","https://dl.acm.org/doi/proceedings/10.1145/3706598?tocHeading=heading35"
"SESSION: DeIving into LLMs","https://dl.acm.org/doi/proceedings/10.1145/3706598?tocHeading=heading36"
"SESSION: Decision Making and Analysis","https://dl.acm.org/doi/proceedings/10.1145/3706598?tocHeading=heading37"
"SESSION: Decision Making with AI","https://dl.acm.org/doi/proceedings/10.1145/3706598?tocHeading=heading38"
"SESSION: Design","https://dl.acm.org/doi/proceedings/10.1145/3706598?tocHeading=heading39"
"SESSION: Design Thinking","https://dl.acm.org/doi/proceedings/10.1145/3706598?tocHeading=heading40"
"SESSION: Design for Diverse Needs","https://dl.acm.org/doi/proceedings/10.1145/3706598?tocHeading=heading41"
"SESSION: Design for Diverse Physical Interactions","https://dl.acm.org/doi/proceedings/10.1145/3706598?tocHeading=heading42"
"SESSION: Designs for Aging and Accessibility","https://dl.acm.org/doi/proceedings/10.1145/3706598?tocHeading=heading43"
"SESSION: Designs for Blind and Low Vision People","https://dl.acm.org/doi/proceedings/10.1145/3706598?tocHeading=heading44"
"SESSION: Digital Fabrication","https://dl.acm.org/doi/proceedings/10.1145/3706598?tocHeading=heading45"
"SESSION: Digital Health and Well-being","https://dl.acm.org/doi/proceedings/10.1145/3706598?tocHeading=heading46"
"SESSION: Digital Health for Diverse Needs","https://dl.acm.org/doi/proceedings/10.1145/3706598?tocHeading=heading47"
"SESSION: Digital Matters","https://dl.acm.org/doi/proceedings/10.1145/3706598?tocHeading=heading48"
"SESSION: Digital Storytelling","https://dl.acm.org/doi/proceedings/10.1145/3706598?tocHeading=heading49"
"SESSION: Diversity","https://dl.acm.org/doi/proceedings/10.1145/3706598?tocHeading=heading50"
"SESSION: Diversity and Inclusiveness","https://dl.acm.org/doi/proceedings/10.1145/3706598?tocHeading=heading51"
"SESSION: Earable and Hearable","https://dl.acm.org/doi/proceedings/10.1145/3706598?tocHeading=heading52"
"SESSION: Eating and Digital Health","https://dl.acm.org/doi/proceedings/10.1145/3706598?tocHeading=heading53"
"SESSION: Embodied Stimulation","https://dl.acm.org/doi/proceedings/10.1145/3706598?tocHeading=heading54"
"SESSION: Embodiment and Immersion","https://dl.acm.org/doi/proceedings/10.1145/3706598?tocHeading=heading55"
"SESSION: Emotion and Behavior Change","https://dl.acm.org/doi/proceedings/10.1145/3706598?tocHeading=heading56"
"SESSION: Engaging Users for Security and Privacy","https://dl.acm.org/doi/proceedings/10.1145/3706598?tocHeading=heading57"
"SESSION: Engaging with Data","https://dl.acm.org/doi/proceedings/10.1145/3706598?tocHeading=heading58"
"SESSION: Ethical Considerations","https://dl.acm.org/doi/proceedings/10.1145/3706598?tocHeading=heading59"
"SESSION: Ethics and Empowerment","https://dl.acm.org/doi/proceedings/10.1145/3706598?tocHeading=heading60"
"SESSION: Experience Together","https://dl.acm.org/doi/proceedings/10.1145/3706598?tocHeading=heading61"
"SESSION: Explainable AI","https://dl.acm.org/doi/proceedings/10.1145/3706598?tocHeading=heading62"
"SESSION: Exploring Physical and Digital Product Design","https://dl.acm.org/doi/proceedings/10.1145/3706598?tocHeading=heading63"
"SESSION: Expressive Machines","https://dl.acm.org/doi/proceedings/10.1145/3706598?tocHeading=heading64"
"SESSION: Fabrication Techniques","https://dl.acm.org/doi/proceedings/10.1145/3706598?tocHeading=heading65"
"SESSION: Fabrication and Interaction Tools","https://dl.acm.org/doi/proceedings/10.1145/3706598?tocHeading=heading66"
"SESSION: Future of HCI and Research Practices","https://dl.acm.org/doi/proceedings/10.1145/3706598?tocHeading=heading67"
"SESSION: Game Experience","https://dl.acm.org/doi/proceedings/10.1145/3706598?tocHeading=heading68"
"SESSION: Games","https://dl.acm.org/doi/proceedings/10.1145/3706598?tocHeading=heading69"
"SESSION: HCI Method Considerations","https://dl.acm.org/doi/proceedings/10.1145/3706598?tocHeading=heading70"
"SESSION: HCI Methods","https://dl.acm.org/doi/proceedings/10.1145/3706598?tocHeading=heading71"
"SESSION: HCI Methods and Practices","https://dl.acm.org/doi/proceedings/10.1145/3706598?tocHeading=heading72"
"SESSION: Haptic Interactions","https://dl.acm.org/doi/proceedings/10.1145/3706598?tocHeading=heading73"
"SESSION: Haptic Technology","https://dl.acm.org/doi/proceedings/10.1145/3706598?tocHeading=heading74"
"SESSION: Health and Expression Support","https://dl.acm.org/doi/proceedings/10.1145/3706598?tocHeading=heading75"
"SESSION: Health and Well-being","https://dl.acm.org/doi/proceedings/10.1145/3706598?tocHeading=heading76"
"SESSION: High-Stake Situations","https://dl.acm.org/doi/proceedings/10.1145/3706598?tocHeading=heading77"
"SESSION: Human-AI Collaboration","https://dl.acm.org/doi/proceedings/10.1145/3706598?tocHeading=heading78"
"SESSION: Human-Agent Interaction","https://dl.acm.org/doi/proceedings/10.1145/3706598?tocHeading=heading79"
"SESSION: Image and AI","https://dl.acm.org/doi/proceedings/10.1145/3706598?tocHeading=heading80"
"SESSION: Immersive Touch and Gesture Interaction","https://dl.acm.org/doi/proceedings/10.1145/3706598?tocHeading=heading81"
"SESSION: Inclusive Communication and Support","https://dl.acm.org/doi/proceedings/10.1145/3706598?tocHeading=heading82"
"SESSION: Inclusive Technology","https://dl.acm.org/doi/proceedings/10.1145/3706598?tocHeading=heading83"
"SESSION: Inclusive and Societal Perspective","https://dl.acm.org/doi/proceedings/10.1145/3706598?tocHeading=heading84"
"SESSION: Innovations in Interaction Design","https://dl.acm.org/doi/proceedings/10.1145/3706598?tocHeading=heading85"
"SESSION: Innovative Learning Apporaches","https://dl.acm.org/doi/proceedings/10.1145/3706598?tocHeading=heading86"
"SESSION: Innovative Training Technologies","https://dl.acm.org/doi/proceedings/10.1145/3706598?tocHeading=heading87"
"SESSION: Interacting with Robots","https://dl.acm.org/doi/proceedings/10.1145/3706598?tocHeading=heading88"
"SESSION: Interaction Techniques","https://dl.acm.org/doi/proceedings/10.1145/3706598?tocHeading=heading89"
"SESSION: Interactions for Walking and Driving","https://dl.acm.org/doi/proceedings/10.1145/3706598?tocHeading=heading90"
"SESSION: Interactive Data Visualization","https://dl.acm.org/doi/proceedings/10.1145/3706598?tocHeading=heading91"
"SESSION: Interfaces and Interactions for XR","https://dl.acm.org/doi/proceedings/10.1145/3706598?tocHeading=heading92"
"SESSION: Knowledge Work","https://dl.acm.org/doi/proceedings/10.1145/3706598?tocHeading=heading93"
"SESSION: LLM for Health","https://dl.acm.org/doi/proceedings/10.1145/3706598?tocHeading=heading94"
"SESSION: Language Matters","https://dl.acm.org/doi/proceedings/10.1145/3706598?tocHeading=heading95"
"SESSION: Learning and Inspiring Safety and Security","https://dl.acm.org/doi/proceedings/10.1145/3706598?tocHeading=heading96"
"SESSION: Learning Creating and Understanding Art","https://dl.acm.org/doi/proceedings/10.1145/3706598?tocHeading=heading97"
"SESSION: Lifetime Digital Health","https://dl.acm.org/doi/proceedings/10.1145/3706598?tocHeading=heading98"
"SESSION: Living with Dementia or Visual Impairments","https://dl.acm.org/doi/proceedings/10.1145/3706598?tocHeading=heading99"
"SESSION: Make it Visible","https://dl.acm.org/doi/proceedings/10.1145/3706598?tocHeading=heading100"
"SESSION: Malleable and Adaptive Interface","https://dl.acm.org/doi/proceedings/10.1145/3706598?tocHeading=heading101"
"SESSION: Mediated Social Interactions","https://dl.acm.org/doi/proceedings/10.1145/3706598?tocHeading=heading102"
"SESSION: Medical Contexts","https://dl.acm.org/doi/proceedings/10.1145/3706598?tocHeading=heading103"
"SESSION: Meeting and Collaboration","https://dl.acm.org/doi/proceedings/10.1145/3706598?tocHeading=heading104"
"SESSION: Mental Well-being","https://dl.acm.org/doi/proceedings/10.1145/3706598?tocHeading=heading105"
"SESSION: Mental and Emotional Wellbeing","https://dl.acm.org/doi/proceedings/10.1145/3706598?tocHeading=heading106"
"SESSION: Mobile Input","https://dl.acm.org/doi/proceedings/10.1145/3706598?tocHeading=heading107"
"SESSION: Mobile Robots","https://dl.acm.org/doi/proceedings/10.1145/3706598?tocHeading=heading108"
"SESSION: More Than Human 2","https://dl.acm.org/doi/proceedings/10.1145/3706598?tocHeading=heading109"
"SESSION: Moving and Looking","https://dl.acm.org/doi/proceedings/10.1145/3706598?tocHeading=heading110"
"SESSION: Multimodal Interaction","https://dl.acm.org/doi/proceedings/10.1145/3706598?tocHeading=heading111"
"SESSION: Music","https://dl.acm.org/doi/proceedings/10.1145/3706598?tocHeading=heading112"
"SESSION: Nature","https://dl.acm.org/doi/proceedings/10.1145/3706598?tocHeading=heading113"
"SESSION: Neurodiversity","https://dl.acm.org/doi/proceedings/10.1145/3706598?tocHeading=heading114"
"SESSION: Non-Verbal Communications","https://dl.acm.org/doi/proceedings/10.1145/3706598?tocHeading=heading115"
"SESSION: Online Media Robots Agents","https://dl.acm.org/doi/proceedings/10.1145/3706598?tocHeading=heading116"
"SESSION: Optimization with/for AI","https://dl.acm.org/doi/proceedings/10.1145/3706598?tocHeading=heading117"
"SESSION: Participatory Design and Applications","https://dl.acm.org/doi/proceedings/10.1145/3706598?tocHeading=heading118"
"SESSION: Perception in VR","https://dl.acm.org/doi/proceedings/10.1145/3706598?tocHeading=heading119"
"SESSION: Perception of Systems","https://dl.acm.org/doi/proceedings/10.1145/3706598?tocHeading=heading120"
"SESSION: Perception Input and Modeling","https://dl.acm.org/doi/proceedings/10.1145/3706598?tocHeading=heading121"
"SESSION: Personal Data and Decision-Making","https://dl.acm.org/doi/proceedings/10.1145/3706598?tocHeading=heading122"
"SESSION: Personal Data and Ethical Design","https://dl.acm.org/doi/proceedings/10.1145/3706598?tocHeading=heading123"
"SESSION: Platforms and Communities","https://dl.acm.org/doi/proceedings/10.1145/3706598?tocHeading=heading124"
"SESSION: Playing with Data","https://dl.acm.org/doi/proceedings/10.1145/3706598?tocHeading=heading125"
"SESSION: Pointing and Selection","https://dl.acm.org/doi/proceedings/10.1145/3706598?tocHeading=heading126"
"SESSION: Privacy and Safety","https://dl.acm.org/doi/proceedings/10.1145/3706598?tocHeading=heading127"
"SESSION: Privacy and Security","https://dl.acm.org/doi/proceedings/10.1145/3706598?tocHeading=heading128"
"SESSION: Programming and Interaction","https://dl.acm.org/doi/proceedings/10.1145/3706598?tocHeading=heading129"
"SESSION: Programming and Software Use","https://dl.acm.org/doi/proceedings/10.1145/3706598?tocHeading=heading130"
"SESSION: Prototyping and Sustainable Development","https://dl.acm.org/doi/proceedings/10.1145/3706598?tocHeading=heading131"
"SESSION: Recommendation and Personalization","https://dl.acm.org/doi/proceedings/10.1145/3706598?tocHeading=heading132"
"SESSION: Risk and Privacy","https://dl.acm.org/doi/proceedings/10.1145/3706598?tocHeading=heading133"
"SESSION: Robot and Agent","https://dl.acm.org/doi/proceedings/10.1145/3706598?tocHeading=heading134"
"SESSION: Security and Safety Technology and Society","https://dl.acm.org/doi/proceedings/10.1145/3706598?tocHeading=heading135"
"SESSION: Security in HCI","https://dl.acm.org/doi/proceedings/10.1145/3706598?tocHeading=heading136"
"SESSION: Sensing and Haptics","https://dl.acm.org/doi/proceedings/10.1145/3706598?tocHeading=heading137"
"SESSION: Shaping Diverse Cognitive Process","https://dl.acm.org/doi/proceedings/10.1145/3706598?tocHeading=heading138"
"SESSION: Smart Home and Buildings","https://dl.acm.org/doi/proceedings/10.1145/3706598?tocHeading=heading139"
"SESSION: Social Good","https://dl.acm.org/doi/proceedings/10.1145/3706598?tocHeading=heading140"
"SESSION: Social Media","https://dl.acm.org/doi/proceedings/10.1145/3706598?tocHeading=heading141"
"SESSION: Social Media and Online Influence","https://dl.acm.org/doi/proceedings/10.1145/3706598?tocHeading=heading142"
"SESSION: Social Media and Society","https://dl.acm.org/doi/proceedings/10.1145/3706598?tocHeading=heading143"
"SESSION: Spatial Interactions","https://dl.acm.org/doi/proceedings/10.1145/3706598?tocHeading=heading144"
"SESSION: Spirituality and Legacies","https://dl.acm.org/doi/proceedings/10.1145/3706598?tocHeading=heading145"
"SESSION: Sports","https://dl.acm.org/doi/proceedings/10.1145/3706598?tocHeading=heading146"
"SESSION: Stereotypes and Gender","https://dl.acm.org/doi/proceedings/10.1145/3706598?tocHeading=heading147"
"SESSION: Storytelling and Sense-Making","https://dl.acm.org/doi/proceedings/10.1145/3706598?tocHeading=heading148"
"SESSION: Sustainable Individual Society and Environment","https://dl.acm.org/doi/proceedings/10.1145/3706598?tocHeading=heading149"
"SESSION: Tech and AI Literacy","https://dl.acm.org/doi/proceedings/10.1145/3706598?tocHeading=heading150"
"SESSION: Technologies for Decision Making","https://dl.acm.org/doi/proceedings/10.1145/3706598?tocHeading=heading151"
"SESSION: Technologies for Elderly","https://dl.acm.org/doi/proceedings/10.1145/3706598?tocHeading=heading152"
"SESSION: Technologies for Parental Engagement","https://dl.acm.org/doi/proceedings/10.1145/3706598?tocHeading=heading153"
"SESSION: Technologies for Sustainable Development","https://dl.acm.org/doi/proceedings/10.1145/3706598?tocHeading=heading154"
"SESSION: Technology and Society","https://dl.acm.org/doi/proceedings/10.1145/3706598?tocHeading=heading155"
"SESSION: Technology for Artistic Expression","https://dl.acm.org/doi/proceedings/10.1145/3706598?tocHeading=heading156"
"SESSION: Technology in Education","https://dl.acm.org/doi/proceedings/10.1145/3706598?tocHeading=heading157"
"SESSION: Technology in Education and Academic Practice","https://dl.acm.org/doi/proceedings/10.1145/3706598?tocHeading=heading158"
"SESSION: Technology-Facilitated Family Interaction","https://dl.acm.org/doi/proceedings/10.1145/3706598?tocHeading=heading159"
"SESSION: Text Entry","https://dl.acm.org/doi/proceedings/10.1145/3706598?tocHeading=heading160"
"SESSION: Trust Uncertainty and Security","https://dl.acm.org/doi/proceedings/10.1145/3706598?tocHeading=heading161"
"SESSION: Trust and Responsibility in AI","https://dl.acm.org/doi/proceedings/10.1145/3706598?tocHeading=heading162"
"SESSION: UI/UX Design","https://dl.acm.org/doi/proceedings/10.1145/3706598?tocHeading=heading163"
"SESSION: Understanding and Working with Algorithms","https://dl.acm.org/doi/proceedings/10.1145/3706598?tocHeading=heading164"
"SESSION: Using AI or Not","https://dl.acm.org/doi/proceedings/10.1145/3706598?tocHeading=heading165"
"SESSION: VR Experiences","https://dl.acm.org/doi/proceedings/10.1145/3706598?tocHeading=heading166"
"SESSION: Vibration Vibes","https://dl.acm.org/doi/proceedings/10.1145/3706598?tocHeading=heading167"
"SESSION: Video Making","https://dl.acm.org/doi/proceedings/10.1145/3706598?tocHeading=heading168"
"SESSION: Virtual Presence and Awareness","https://dl.acm.org/doi/proceedings/10.1145/3706598?tocHeading=heading169"
"SESSION: Virtual and Mixed Reality Interaction","https://dl.acm.org/doi/proceedings/10.1145/3706598?tocHeading=heading170"
"SESSION: Vision Accessibility","https://dl.acm.org/doi/proceedings/10.1145/3706598?tocHeading=heading171"
"SESSION: Visualization","https://dl.acm.org/doi/proceedings/10.1145/3706598?tocHeading=heading172"
"SESSION: Visualization and Language Communication","https://dl.acm.org/doi/proceedings/10.1145/3706598?tocHeading=heading173"
"SESSION: Well-being and Data Tracking","https://dl.acm.org/doi/proceedings/10.1145/3706598?tocHeading=heading174"
"SESSION: Well-being and Tracking","https://dl.acm.org/doi/proceedings/10.1145/3706598?tocHeading=heading175"
"SESSION: Working with AI","https://dl.acm.org/doi/proceedings/10.1145/3706598?tocHeading=heading176"
"SESSION: Working with AI (or not)","https://dl.acm.org/doi/proceedings/10.1145/3706598?tocHeading=heading177"
"SESSION: Workplace Interactions and Wellbeing","https://dl.acm.org/doi/proceedings/10.1145/3706598?tocHeading=heading178"
"SESSION: Writing Support and Content Moderation","https://dl.acm.org/doi/proceedings/10.1145/3706598?tocHeading=heading179"
"SESSION: XR","https://dl.acm.org/doi/proceedings/10.1145/3706598?tocHeading=heading180"
"SESSION: XR Experience","https://dl.acm.org/doi/proceedings/10.1145/3706598?tocHeading=heading181"
"SESSION: XR Interaction","https://dl.acm.org/doi/proceedings/10.1145/3706598?tocHeading=heading182"
"SESSION: XR and Virtual Characteristics","https://dl.acm.org/doi/proceedings/10.1145/3706598?tocHeading=heading183"
"SESSION: XR for Diverse Needs","https://dl.acm.org/doi/proceedings/10.1145/3706598?tocHeading=heading184"